field,frozen_value,assessment,reason
schema_version,"""mana-lab-phase3-run-g-v1""",PASS,Version matches validator.
experiment.id,"""strixpatch-affinity-v1.3-phase3-rung-freeze""",DESCRIPTIVE,Identity/date/purpose only; no evidence of post-result tuning observed.
experiment.frozen_at,"""2026-09-18""",DESCRIPTIVE,Identity/date/purpose only; no evidence of post-result tuning observed.
experiment.purpose,"""Executable Phase 3 design frozen for independent Run H authorization; Run G does not authorize or execute optimization.""",DESCRIPTIVE,Identity/date/purpose only; no evidence of post-result tuning observed.
phase_control.authorization_status,"""PENDING_INDEPENDENT_RUN_H""",FAIL,Safe refusal now; no complete separately authorized production route.
phase_control.optimization_execution_allowed,false,FAIL,Safe refusal now; no complete separately authorized production route.
phase_control.real_candidate_performance_allowed_in_readiness,false,FAIL,Safe refusal now; no complete separately authorized production route.
phase_control.readiness_mode,"""SYNTHETIC_DRY_RUN_ONLY""",FAIL,Safe refusal now; no complete separately authorized production route.
input.parent_archive.name,"""Mana_Lab_Pauper_v1_Run_E.zip""",PARTIAL,Deck and exact parent independently match; validator alone does not enforce parent mutation; simulator horizon is hardcoded 1..4.
input.parent_archive.sha256,"""82d1dcd663de5a8bcb2d9917271fba264c509bdff8b45d1920b9f97ccf0d0c71""",PARTIAL,Deck and exact parent independently match; validator alone does not enforce parent mutation; simulator horizon is hardcoded 1..4.
input.deck_spec.path,"""configs/decks/Strixpatch_Affinity_v1.3.deck.yaml""",PARTIAL,Deck and exact parent independently match; validator alone does not enforce parent mutation; simulator horizon is hardcoded 1..4.
input.deck_spec.sha256,"""e0e18170cc3d362ae697726115381dcf3ec6ad3a4140ce46b388269ca0f9303a""",PARTIAL,Deck and exact parent independently match; validator alone does not enforce parent mutation; simulator horizon is hardcoded 1..4.
input.deck_size,60,PARTIAL,Deck and exact parent independently match; validator alone does not enforce parent mutation; simulator horizon is hardcoded 1..4.
input.frozen_nonlands,41,PARTIAL,Deck and exact parent independently match; validator alone does not enforce parent mutation; simulator horizon is hardcoded 1..4.
input.exact_land_count,19,PARTIAL,Deck and exact parent independently match; validator alone does not enforce parent mutation; simulator horizon is hardcoded 1..4.
input.target_turn_horizon,4,PARTIAL,Deck and exact parent independently match; validator alone does not enforce parent mutation; simulator horizon is hardcoded 1..4.
candidate_space.expected_count,296706,PARTIAL,Counts/set/C0/boundary correct for deck; mutated c0 accepted; protection is not carried through stages.
candidate_space.expected_canonical_set_sha256,"""d9bff0652d2d449f761205575b63af0db5205c3354705c82302fa8b649de78e3""",PARTIAL,Counts/set/C0/boundary correct for deck; mutated c0 accepted; protection is not carried through stages.
candidate_space.protect_c0_every_serious_stage,true,PARTIAL,Counts/set/C0/boundary correct for deck; mutated c0 accepted; protection is not carried through stages.
candidate_space.protect_minimum_bridge_class,true,PARTIAL,Counts/set/C0/boundary correct for deck; mutated c0 accepted; protection is not carried through stages.
candidate_space.expected_minimum_bridge_class_count,56,PARTIAL,Counts/set/C0/boundary correct for deck; mutated c0 accepted; protection is not carried through stages.
candidate_space.candidate_identity,"""SHA-256 of canonical sorted land-name:count pairs; display key retains canonical pairs""",PARTIAL,Counts/set/C0/boundary correct for deck; mutated c0 accepted; protection is not carried through stages.
candidate_space.c0.Ancient Den,3,PARTIAL,Counts/set/C0/boundary correct for deck; mutated c0 accepted; protection is not carried through stages.
candidate_space.c0.Seat of the Synod,4,PARTIAL,Counts/set/C0/boundary correct for deck; mutated c0 accepted; protection is not carried through stages.
candidate_space.c0.Vault of Whispers,4,PARTIAL,Counts/set/C0/boundary correct for deck; mutated c0 accepted; protection is not carried through stages.
candidate_space.c0.Great Furnace,4,PARTIAL,Counts/set/C0/boundary correct for deck; mutated c0 accepted; protection is not carried through stages.
candidate_space.c0.Razortide Bridge,1,PARTIAL,Counts/set/C0/boundary correct for deck; mutated c0 accepted; protection is not carried through stages.
candidate_space.c0.Goldmire Bridge,1,PARTIAL,Counts/set/C0/boundary correct for deck; mutated c0 accepted; protection is not carried through stages.
candidate_space.c0.Mistvault Bridge,2,PARTIAL,Counts/set/C0/boundary correct for deck; mutated c0 accepted; protection is not carried through stages.
candidate_space.c0.Drossforge Bridge,0,PARTIAL,Counts/set/C0/boundary correct for deck; mutated c0 accepted; protection is not carried through stages.
candidate_space.c0.Rustvale Bridge,0,PARTIAL,Counts/set/C0/boundary correct for deck; mutated c0 accepted; protection is not carried through stages.
candidate_space.c0.Silverbluff Bridge,0,PARTIAL,Counts/set/C0/boundary correct for deck; mutated c0 accepted; protection is not carried through stages.
pipeline.stages.0,"""01_validate""",FAIL,Order labels implemented; prerequisite code/policy/seed/content verification prose not implemented.
pipeline.stages.1,"""02_enumerate""",FAIL,Order labels implemented; prerequisite code/policy/seed/content verification prose not implemented.
pipeline.stages.2,"""03_screen""",FAIL,Order labels implemented; prerequisite code/policy/seed/content verification prose not implemented.
pipeline.stages.3,"""04_medium""",FAIL,Order labels implemented; prerequisite code/policy/seed/content verification prose not implemented.
pipeline.stages.4,"""05_select_finalists""",FAIL,Order labels implemented; prerequisite code/policy/seed/content verification prose not implemented.
pipeline.stages.5,"""06_fresh_validation""",FAIL,Order labels implemented; prerequisite code/policy/seed/content verification prose not implemented.
pipeline.stages.6,"""07_robustness""",FAIL,Order labels implemented; prerequisite code/policy/seed/content verification prose not implemented.
pipeline.stages.7,"""08_frontier""",FAIL,Order labels implemented; prerequisite code/policy/seed/content verification prose not implemented.
pipeline.stages.8,"""09_report""",FAIL,Order labels implemented; prerequisite code/policy/seed/content verification prose not implemented.
pipeline.prerequisite_rule,"""Every stage reads the prior immutable manifest, verifies config/code/seed/policy hashes, and aborts on missing or mismatched prerequisites.""",FAIL,Order labels implemented; prerequisite code/policy/seed/content verification prose not implemented.
pipeline.dry_run_fixture,"""Four synthetic candidates exercise protection, low-N retention, uncertain retention, and decisive dominance; no real candidate performance is evaluated.""",FAIL,Order labels implemented; prerequisite code/policy/seed/content verification prose not implemented.
randomness.selection_seed,2026091701,PARTIAL,All six seed values distinct; production replicate/purpose allocation and inaccessible validation rows not implemented.
randomness.validation_seed,2026091702,PARTIAL,All six seed values distinct; production replicate/purpose allocation and inaccessible validation rows not implemented.
randomness.replicate_seeds.0,2026091703,PARTIAL,All six seed values distinct; production replicate/purpose allocation and inaccessible validation rows not implemented.
randomness.replicate_seeds.1,2026091704,PARTIAL,All six seed values distinct; production replicate/purpose allocation and inaccessible validation rows not implemented.
randomness.replicate_seeds.2,2026091705,PARTIAL,All six seed values distinct; production replicate/purpose allocation and inaccessible validation rows not implemented.
randomness.replicate_seeds.3,2026091706,PARTIAL,All six seed values distinct; production replicate/purpose allocation and inaccessible validation rows not implemented.
randomness.seed_derivation,"""SHA-256(purpose|scenario|replicate|trial|mulligan_attempt); candidate identity and iteration order excluded""",PARTIAL,All six seed values distinct; production replicate/purpose allocation and inaccessible validation rows not implemented.
randomness.pairing_keys.0,"""scenario""",PARTIAL,All six seed values distinct; production replicate/purpose allocation and inaccessible validation rows not implemented.
randomness.pairing_keys.1,"""replicate""",PARTIAL,All six seed values distinct; production replicate/purpose allocation and inaccessible validation rows not implemented.
randomness.pairing_keys.2,"""trial""",PARTIAL,All six seed values distinct; production replicate/purpose allocation and inaccessible validation rows not implemented.
randomness.pairing_keys.3,"""on_play""",PARTIAL,All six seed values distinct; production replicate/purpose allocation and inaccessible validation rows not implemented.
randomness.validation_isolation,"""Validation seed and all validation event rows are inaccessible to screening, profile construction, and finalist selection.""",PARTIAL,All six seed values distinct; production replicate/purpose allocation and inaccessible validation rows not implemented.
trial_plan.screening_trials_per_candidate,512,FAIL,512/8192/32768 positive; adaptive batch/cap and replicate semantics not operational; zero adaptive batch accepted.
trial_plan.medium_trials_per_candidate,8192,FAIL,512/8192/32768 positive; adaptive batch/cap and replicate semantics not operational; zero adaptive batch accepted.
trial_plan.validation_trials_per_candidate,32768,FAIL,512/8192/32768 positive; adaptive batch/cap and replicate semantics not operational; zero adaptive batch accepted.
trial_plan.validation_adaptive_batch,16384,FAIL,512/8192/32768 positive; adaptive batch/cap and replicate semantics not operational; zero adaptive batch accepted.
trial_plan.validation_adaptive_cap,131072,FAIL,512/8192/32768 positive; adaptive batch/cap and replicate semantics not operational; zero adaptive batch accepted.
trial_plan.replicate_count,4,FAIL,512/8192/32768 positive; adaptive batch/cap and replicate semantics not operational; zero adaptive batch accepted.
trial_plan.rationale,"""Nonzero preregistered counts; screening is conservative and cannot eliminate on noisy means; confirmatory precision is increased only for unresolved finalists.""",FAIL,512/8192/32768 positive; adaptive batch/cap and replicate semantics not operational; zero adaptive batch accepted.
scenarios.primary_play_draw.0.id,"""on_play""",FAIL,50/50 values specified but invalid weights/depth accepted; no config consumer for independent policy axes.
scenarios.primary_play_draw.0.weight,0.5,FAIL,50/50 values specified but invalid weights/depth accepted; no config consumer for independent policy axes.
scenarios.primary_play_draw.1.id,"""on_draw""",FAIL,50/50 values specified but invalid weights/depth accepted; no config consumer for independent policy axes.
scenarios.primary_play_draw.1.weight,0.5,FAIL,50/50 values specified but invalid weights/depth accepted; no config consumer for independent policy axes.
scenarios.primary_mulligan,"""baseline_functional_london""",FAIL,50/50 values specified but invalid weights/depth accepted; no config consumer for independent policy axes.
scenarios.alternate_mulligan,"""alternate_landcount_london""",FAIL,50/50 values specified but invalid weights/depth accepted; no config consumer for independent policy axes.
scenarios.primary_sequencing,"""baseline_hand_demand""",FAIL,50/50 values specified but invalid weights/depth accepted; no config consumer for independent policy axes.
scenarios.alternate_sequencing,"""alternate_tempo_untapped""",FAIL,50/50 values specified but invalid weights/depth accepted; no config consumer for independent policy axes.
scenarios.primary_reserve,"""reserve_one_reply""",FAIL,50/50 values specified but invalid weights/depth accepted; no config consumer for independent policy axes.
scenarios.alternate_reserve,"""tap_out_development""",FAIL,50/50 values specified but invalid weights/depth accepted; no config consumer for independent policy axes.
scenarios.primary_scry,"""boulder_scry_baseline""",FAIL,50/50 values specified but invalid weights/depth accepted; no config consumer for independent policy axes.
scenarios.alternate_scry,"""boulder_scry_alternate""",FAIL,50/50 values specified but invalid weights/depth accepted; no config consumer for independent policy axes.
scenarios.primary_information,"""baseline_information_value""",FAIL,50/50 values specified but invalid weights/depth accepted; no config consumer for independent policy axes.
scenarios.alternate_information,"""conservative_information_value""",FAIL,50/50 values specified but invalid weights/depth accepted; no config consumer for independent policy axes.
scenarios.planner_search_depth,8,FAIL,50/50 values specified but invalid weights/depth accepted; no config consumer for independent policy axes.
scenarios.planner_max_actions_per_main,12,FAIL,50/50 values specified but invalid weights/depth accepted; no config consumer for independent policy axes.
scenarios.depth_sensitivity.0,7,FAIL,50/50 values specified but invalid weights/depth accepted; no config consumer for independent policy axes.
scenarios.depth_sensitivity.1,8,FAIL,50/50 values specified but invalid weights/depth accepted; no config consumer for independent policy axes.
scenarios.depth_sensitivity.2,9,FAIL,50/50 values specified but invalid weights/depth accepted; no config consumer for independent policy axes.
policies.drift_behavior,"""FAIL_FAST""",PARTIAL,Ten IDs and contract hashes present; typed role and execution/row binding missing.
policies.identities.sequencing_baseline.id,"""baseline_hand_demand""",PARTIAL,Ten IDs and contract hashes present; typed role and execution/row binding missing.
policies.identities.sequencing_baseline.content_hash,"""aad7cc3f1bc01a9ea312f1d6a4f629858dc2ac7c30e369289015efe67b6abeeb""",PARTIAL,Ten IDs and contract hashes present; typed role and execution/row binding missing.
policies.identities.sequencing_alternate.id,"""alternate_tempo_untapped""",PARTIAL,Ten IDs and contract hashes present; typed role and execution/row binding missing.
policies.identities.sequencing_alternate.content_hash,"""4b5af0dd4635e385937947405e31659a9fdad3dd85bc5cf6c384ca2ccfff4141""",PARTIAL,Ten IDs and contract hashes present; typed role and execution/row binding missing.
policies.identities.mulligan_baseline.id,"""baseline_functional_london""",PARTIAL,Ten IDs and contract hashes present; typed role and execution/row binding missing.
policies.identities.mulligan_baseline.content_hash,"""f8ff67ad75b9f201220c9a13b6ca1be78719c192ee7777af97dac98dfa345753""",PARTIAL,Ten IDs and contract hashes present; typed role and execution/row binding missing.
policies.identities.mulligan_alternate.id,"""alternate_landcount_london""",PARTIAL,Ten IDs and contract hashes present; typed role and execution/row binding missing.
policies.identities.mulligan_alternate.content_hash,"""37e5c0e7d7272540d63aeea88fafa89a200e970a08c6a1c08fc477781785f1f0""",PARTIAL,Ten IDs and contract hashes present; typed role and execution/row binding missing.
policies.identities.scry_baseline.id,"""boulder_scry_baseline""",PARTIAL,Ten IDs and contract hashes present; typed role and execution/row binding missing.
policies.identities.scry_baseline.content_hash,"""b2404ef7ffb3714d10765be0ce6f906815af685019cf010a8a5233b2e9346725""",PARTIAL,Ten IDs and contract hashes present; typed role and execution/row binding missing.
policies.identities.scry_alternate.id,"""boulder_scry_alternate""",PARTIAL,Ten IDs and contract hashes present; typed role and execution/row binding missing.
policies.identities.scry_alternate.content_hash,"""8a8be07ebc0b4a95b2e985790b4fb6be5c3b6bd0c6fe95be52c29cebf3116d0b""",PARTIAL,Ten IDs and contract hashes present; typed role and execution/row binding missing.
policies.identities.reserve_baseline.id,"""reserve_one_reply""",PARTIAL,Ten IDs and contract hashes present; typed role and execution/row binding missing.
policies.identities.reserve_baseline.content_hash,"""b3c3f3c88de5f0cb9f7c1ef98b572dcb3e3d1d2ea10444974933605298cff936""",PARTIAL,Ten IDs and contract hashes present; typed role and execution/row binding missing.
policies.identities.reserve_alternate.id,"""tap_out_development""",PARTIAL,Ten IDs and contract hashes present; typed role and execution/row binding missing.
policies.identities.reserve_alternate.content_hash,"""29a606801f7746c215f64a9d758047bd0b8b9d5f24750cce0551431e54de33d2""",PARTIAL,Ten IDs and contract hashes present; typed role and execution/row binding missing.
policies.identities.information_baseline.id,"""baseline_information_value""",PARTIAL,Ten IDs and contract hashes present; typed role and execution/row binding missing.
policies.identities.information_baseline.content_hash,"""5a4ce37fcee67df55ed42f9595aca651bd5f17318f88d39ed44edf3299761058""",PARTIAL,Ten IDs and contract hashes present; typed role and execution/row binding missing.
policies.identities.information_alternate.id,"""conservative_information_value""",PARTIAL,Ten IDs and contract hashes present; typed role and execution/row binding missing.
policies.identities.information_alternate.content_hash,"""e8c7530a13d114aeb90fa835d36df7cb968224d38e11c4daaf0161b5f4c8e3c3""",PARTIAL,Ten IDs and contract hashes present; typed role and execution/row binding missing.
metrics.raw_events_first,true,FAIL,Lists present; full callable aggregation/output coverage absent.
metrics.primary.0,"""spell_level_on_time_castability""",FAIL,Lists present; full callable aggregation/output coverage absent.
metrics.primary.1,"""usable_untapped_mana_by_turn""",FAIL,Lists present; full callable aggregation/output coverage absent.
metrics.primary.2,"""joint_UB_access_by_turn""",FAIL,Lists present; full callable aggregation/output coverage absent.
metrics.primary.3,"""opponent_turn_interaction_availability""",FAIL,Lists present; full callable aggregation/output coverage absent.
metrics.primary.4,"""full_effect_metalcraft_interaction_availability""",FAIL,Lists present; full callable aggregation/output coverage absent.
metrics.primary.5,"""double_spell_success""",FAIL,Lists present; full callable aggregation/output coverage absent.
metrics.primary.6,"""spell_plus_held_interaction_success""",FAIL,Lists present; full callable aggregation/output coverage absent.
metrics.primary.7,"""critical_sequence_success""",FAIL,Lists present; full callable aggregation/output coverage absent.
metrics.secondary.0,"""opening_land_distribution""",FAIL,Lists present; full callable aggregation/output coverage absent.
metrics.secondary.1,"""mulligan_count_and_kept_hand_size""",FAIL,Lists present; full callable aggregation/output coverage absent.
metrics.secondary.2,"""W_U_B_R_access_by_turn""",FAIL,Lists present; full callable aggregation/output coverage absent.
metrics.secondary.3,"""artifact_count_by_window""",FAIL,Lists present; full callable aggregation/output coverage absent.
metrics.secondary.4,"""metalcraft_rate_by_window""",FAIL,Lists present; full callable aggregation/output coverage absent.
metrics.secondary.5,"""affinity_reduction_by_spell_and_turn""",FAIL,Lists present; full callable aggregation/output coverage absent.
metrics.secondary.6,"""boulder_deploy_activation_rescue_dependency""",FAIL,Lists present; full callable aggregation/output coverage absent.
metrics.secondary.7,"""cryogen_enter_leave_draw_events""",FAIL,Lists present; full callable aggregation/output coverage absent.
metrics.secondary.8,"""glint_hawk_functional_execution_and_return_cost""",FAIL,Lists present; full callable aggregation/output coverage absent.
metrics.secondary.9,"""bargain_functional_execution_and_sacrifice_resource_loss""",FAIL,Lists present; full callable aggregation/output coverage absent.
metrics.secondary.10,"""stranded_spell_reason""",FAIL,Lists present; full callable aggregation/output coverage absent.
metrics.secondary.11,"""realized_etb_tapped_block""",FAIL,Lists present; full callable aggregation/output coverage absent.
metrics.secondary.12,"""unused_mana""",FAIL,Lists present; full callable aggregation/output coverage absent.
metrics.secondary.13,"""unavailable_tapped_mana""",FAIL,Lists present; full callable aggregation/output coverage absent.
metrics.secondary.14,"""nihil_optional_black_draw_option""",FAIL,Lists present; full callable aggregation/output coverage absent.
metrics.secondary.15,"""scry_decision_outcome""",FAIL,Lists present; full callable aggregation/output coverage absent.
metrics.secondary.16,"""land_return_events""",FAIL,Lists present; full callable aggregation/output coverage absent.
metrics.secondary.17,"""land_sacrifice_events""",FAIL,Lists present; full callable aggregation/output coverage absent.
metrics.target_dependent_counterfactual_only.0,"""blood_token_activation_option""",FAIL,Lists present; full callable aggregation/output coverage absent.
metrics.target_dependent_counterfactual_only.1,"""munitions_activation_option""",FAIL,Lists present; full callable aggregation/output coverage absent.
metrics.target_dependent_counterfactual_only.2,"""cryogen_stun_activation_option""",FAIL,Lists present; full callable aggregation/output coverage absent.
decision_profiles.balanced.comparison,"""lexicographic metric vector; no scalar master score""",FAIL,"Every component reviewed: direction/raw normalization/tolerances specified, but populations/weights/uncertainty not executed; unknown metrics and negative tolerances accepted."
decision_profiles.balanced.tie_behavior,"""practically tied if every component is within its materiality tolerance; retain both when uncertainty overlaps""",FAIL,"Every component reviewed: direction/raw normalization/tolerances specified, but populations/weights/uncertainty not executed; unknown metrics and negative tolerances accepted."
decision_profiles.balanced.overlap_rationale,"""Castability, retained interaction, and double-spelling are distinct execution outcomes; raw color, ETB, and artifact diagnostics are excluded to avoid nested penalties.""",FAIL,"Every component reviewed: direction/raw normalization/tolerances specified, but populations/weights/uncertainty not executed; unknown metrics and negative tolerances accepted."
decision_profiles.balanced.leave_one_out,"""evaluate one preregistered variant per omitted component""",FAIL,"Every component reviewed: direction/raw normalization/tolerances specified, but populations/weights/uncertainty not executed; unknown metrics and negative tolerances accepted."
decision_profiles.balanced.decorrelated_variant.metrics.0,"""spell_level_on_time_castability""",FAIL,"Every component reviewed: direction/raw normalization/tolerances specified, but populations/weights/uncertainty not executed; unknown metrics and negative tolerances accepted."
decision_profiles.balanced.decorrelated_variant.metrics.1,"""opponent_turn_interaction_availability""",FAIL,"Every component reviewed: direction/raw normalization/tolerances specified, but populations/weights/uncertainty not executed; unknown metrics and negative tolerances accepted."
decision_profiles.balanced.decorrelated_variant.rationale,"""Removes multi-action overlap while preserving proactive and reactive function.""",FAIL,"Every component reviewed: direction/raw normalization/tolerances specified, but populations/weights/uncertainty not executed; unknown metrics and negative tolerances accepted."
decision_profiles.balanced.metric_vector.0.metric,"""spell_level_on_time_castability""",FAIL,"Every component reviewed: direction/raw normalization/tolerances specified, but populations/weights/uncertainty not executed; unknown metrics and negative tolerances accepted."
decision_profiles.balanced.metric_vector.0.direction,"""higher""",FAIL,"Every component reviewed: direction/raw normalization/tolerances specified, but populations/weights/uncertainty not executed; unknown metrics and negative tolerances accepted."
decision_profiles.balanced.metric_vector.0.aggregation,"""desired-window-weighted mean across spells and turns 1-4""",FAIL,"Every component reviewed: direction/raw normalization/tolerances specified, but populations/weights/uncertainty not executed; unknown metrics and negative tolerances accepted."
decision_profiles.balanced.metric_vector.0.turns.0,1,FAIL,"Every component reviewed: direction/raw normalization/tolerances specified, but populations/weights/uncertainty not executed; unknown metrics and negative tolerances accepted."
decision_profiles.balanced.metric_vector.0.turns.1,2,FAIL,"Every component reviewed: direction/raw normalization/tolerances specified, but populations/weights/uncertainty not executed; unknown metrics and negative tolerances accepted."
decision_profiles.balanced.metric_vector.0.turns.2,3,FAIL,"Every component reviewed: direction/raw normalization/tolerances specified, but populations/weights/uncertainty not executed; unknown metrics and negative tolerances accepted."
decision_profiles.balanced.metric_vector.0.turns.3,4,FAIL,"Every component reviewed: direction/raw normalization/tolerances specified, but populations/weights/uncertainty not executed; unknown metrics and negative tolerances accepted."
decision_profiles.balanced.metric_vector.0.scenarios.0,"""weighted_primary""",FAIL,"Every component reviewed: direction/raw normalization/tolerances specified, but populations/weights/uncertainty not executed; unknown metrics and negative tolerances accepted."
decision_profiles.balanced.metric_vector.0.normalization,"""none""",FAIL,"Every component reviewed: direction/raw normalization/tolerances specified, but populations/weights/uncertainty not executed; unknown metrics and negative tolerances accepted."
decision_profiles.balanced.metric_vector.0.no_worse_tolerance,0.0025,FAIL,"Every component reviewed: direction/raw normalization/tolerances specified, but populations/weights/uncertainty not executed; unknown metrics and negative tolerances accepted."
decision_profiles.balanced.metric_vector.0.materiality_tolerance,0.005,FAIL,"Every component reviewed: direction/raw normalization/tolerances specified, but populations/weights/uncertainty not executed; unknown metrics and negative tolerances accepted."
decision_profiles.balanced.metric_vector.0.missing_data,"""error""",FAIL,"Every component reviewed: direction/raw normalization/tolerances specified, but populations/weights/uncertainty not executed; unknown metrics and negative tolerances accepted."
decision_profiles.balanced.metric_vector.0.uncertainty,"""paired confidence interval""",FAIL,"Every component reviewed: direction/raw normalization/tolerances specified, but populations/weights/uncertainty not executed; unknown metrics and negative tolerances accepted."
decision_profiles.balanced.metric_vector.1.metric,"""opponent_turn_interaction_availability""",FAIL,"Every component reviewed: direction/raw normalization/tolerances specified, but populations/weights/uncertainty not executed; unknown metrics and negative tolerances accepted."
decision_profiles.balanced.metric_vector.1.direction,"""higher""",FAIL,"Every component reviewed: direction/raw normalization/tolerances specified, but populations/weights/uncertainty not executed; unknown metrics and negative tolerances accepted."
decision_profiles.balanced.metric_vector.1.aggregation,"""mean over held interaction opportunities at turns 2-4""",FAIL,"Every component reviewed: direction/raw normalization/tolerances specified, but populations/weights/uncertainty not executed; unknown metrics and negative tolerances accepted."
decision_profiles.balanced.metric_vector.1.turns.0,2,FAIL,"Every component reviewed: direction/raw normalization/tolerances specified, but populations/weights/uncertainty not executed; unknown metrics and negative tolerances accepted."
decision_profiles.balanced.metric_vector.1.turns.1,3,FAIL,"Every component reviewed: direction/raw normalization/tolerances specified, but populations/weights/uncertainty not executed; unknown metrics and negative tolerances accepted."
decision_profiles.balanced.metric_vector.1.turns.2,4,FAIL,"Every component reviewed: direction/raw normalization/tolerances specified, but populations/weights/uncertainty not executed; unknown metrics and negative tolerances accepted."
decision_profiles.balanced.metric_vector.1.scenarios.0,"""weighted_primary""",FAIL,"Every component reviewed: direction/raw normalization/tolerances specified, but populations/weights/uncertainty not executed; unknown metrics and negative tolerances accepted."
decision_profiles.balanced.metric_vector.1.normalization,"""none""",FAIL,"Every component reviewed: direction/raw normalization/tolerances specified, but populations/weights/uncertainty not executed; unknown metrics and negative tolerances accepted."
decision_profiles.balanced.metric_vector.1.no_worse_tolerance,0.0025,FAIL,"Every component reviewed: direction/raw normalization/tolerances specified, but populations/weights/uncertainty not executed; unknown metrics and negative tolerances accepted."
decision_profiles.balanced.metric_vector.1.materiality_tolerance,0.005,FAIL,"Every component reviewed: direction/raw normalization/tolerances specified, but populations/weights/uncertainty not executed; unknown metrics and negative tolerances accepted."
decision_profiles.balanced.metric_vector.1.missing_data,"""error""",FAIL,"Every component reviewed: direction/raw normalization/tolerances specified, but populations/weights/uncertainty not executed; unknown metrics and negative tolerances accepted."
decision_profiles.balanced.metric_vector.1.uncertainty,"""paired confidence interval""",FAIL,"Every component reviewed: direction/raw normalization/tolerances specified, but populations/weights/uncertainty not executed; unknown metrics and negative tolerances accepted."
decision_profiles.balanced.metric_vector.2.metric,"""double_spell_success""",FAIL,"Every component reviewed: direction/raw normalization/tolerances specified, but populations/weights/uncertainty not executed; unknown metrics and negative tolerances accepted."
decision_profiles.balanced.metric_vector.2.direction,"""higher""",FAIL,"Every component reviewed: direction/raw normalization/tolerances specified, but populations/weights/uncertainty not executed; unknown metrics and negative tolerances accepted."
decision_profiles.balanced.metric_vector.2.aggregation,"""mean of functional double-spell success at turns 3-4""",FAIL,"Every component reviewed: direction/raw normalization/tolerances specified, but populations/weights/uncertainty not executed; unknown metrics and negative tolerances accepted."
decision_profiles.balanced.metric_vector.2.turns.0,3,FAIL,"Every component reviewed: direction/raw normalization/tolerances specified, but populations/weights/uncertainty not executed; unknown metrics and negative tolerances accepted."
decision_profiles.balanced.metric_vector.2.turns.1,4,FAIL,"Every component reviewed: direction/raw normalization/tolerances specified, but populations/weights/uncertainty not executed; unknown metrics and negative tolerances accepted."
decision_profiles.balanced.metric_vector.2.scenarios.0,"""weighted_primary""",FAIL,"Every component reviewed: direction/raw normalization/tolerances specified, but populations/weights/uncertainty not executed; unknown metrics and negative tolerances accepted."
decision_profiles.balanced.metric_vector.2.normalization,"""none""",FAIL,"Every component reviewed: direction/raw normalization/tolerances specified, but populations/weights/uncertainty not executed; unknown metrics and negative tolerances accepted."
decision_profiles.balanced.metric_vector.2.no_worse_tolerance,0.0025,FAIL,"Every component reviewed: direction/raw normalization/tolerances specified, but populations/weights/uncertainty not executed; unknown metrics and negative tolerances accepted."
decision_profiles.balanced.metric_vector.2.materiality_tolerance,0.005,FAIL,"Every component reviewed: direction/raw normalization/tolerances specified, but populations/weights/uncertainty not executed; unknown metrics and negative tolerances accepted."
decision_profiles.balanced.metric_vector.2.missing_data,"""error""",FAIL,"Every component reviewed: direction/raw normalization/tolerances specified, but populations/weights/uncertainty not executed; unknown metrics and negative tolerances accepted."
decision_profiles.balanced.metric_vector.2.uncertainty,"""paired confidence interval""",FAIL,"Every component reviewed: direction/raw normalization/tolerances specified, but populations/weights/uncertainty not executed; unknown metrics and negative tolerances accepted."
decision_profiles.tempo_sensitive.comparison,"""lexicographic metric vector; no scalar master score""",FAIL,"Every component reviewed: direction/raw normalization/tolerances specified, but populations/weights/uncertainty not executed; unknown metrics and negative tolerances accepted."
decision_profiles.tempo_sensitive.tie_behavior,"""practically tied within component materiality tolerances; uncertainty retains both""",FAIL,"Every component reviewed: direction/raw normalization/tolerances specified, but populations/weights/uncertainty not executed; unknown metrics and negative tolerances accepted."
decision_profiles.tempo_sensitive.overlap_rationale,"""Usable mana is primary; ETB blockage is secondary and removed in the de-correlated variant; double-spell is a realized endpoint.""",FAIL,"Every component reviewed: direction/raw normalization/tolerances specified, but populations/weights/uncertainty not executed; unknown metrics and negative tolerances accepted."
decision_profiles.tempo_sensitive.leave_one_out,"""evaluate one preregistered variant per omitted component""",FAIL,"Every component reviewed: direction/raw normalization/tolerances specified, but populations/weights/uncertainty not executed; unknown metrics and negative tolerances accepted."
decision_profiles.tempo_sensitive.decorrelated_variant.metrics.0,"""usable_untapped_mana_by_turn""",FAIL,"Every component reviewed: direction/raw normalization/tolerances specified, but populations/weights/uncertainty not executed; unknown metrics and negative tolerances accepted."
decision_profiles.tempo_sensitive.decorrelated_variant.metrics.1,"""double_spell_success""",FAIL,"Every component reviewed: direction/raw normalization/tolerances specified, but populations/weights/uncertainty not executed; unknown metrics and negative tolerances accepted."
decision_profiles.tempo_sensitive.decorrelated_variant.rationale,"""Drops the ETB diagnostic nested in usable mana.""",FAIL,"Every component reviewed: direction/raw normalization/tolerances specified, but populations/weights/uncertainty not executed; unknown metrics and negative tolerances accepted."
decision_profiles.tempo_sensitive.metric_vector.0.metric,"""usable_untapped_mana_by_turn""",FAIL,"Every component reviewed: direction/raw normalization/tolerances specified, but populations/weights/uncertainty not executed; unknown metrics and negative tolerances accepted."
decision_profiles.tempo_sensitive.metric_vector.0.direction,"""higher""",FAIL,"Every component reviewed: direction/raw normalization/tolerances specified, but populations/weights/uncertainty not executed; unknown metrics and negative tolerances accepted."
decision_profiles.tempo_sensitive.metric_vector.0.aggregation,"""turn-weighted mean with weights T1=.35 T2=.30 T3=.20 T4=.15""",FAIL,"Every component reviewed: direction/raw normalization/tolerances specified, but populations/weights/uncertainty not executed; unknown metrics and negative tolerances accepted."
decision_profiles.tempo_sensitive.metric_vector.0.turns.0,1,FAIL,"Every component reviewed: direction/raw normalization/tolerances specified, but populations/weights/uncertainty not executed; unknown metrics and negative tolerances accepted."
decision_profiles.tempo_sensitive.metric_vector.0.turns.1,2,FAIL,"Every component reviewed: direction/raw normalization/tolerances specified, but populations/weights/uncertainty not executed; unknown metrics and negative tolerances accepted."
decision_profiles.tempo_sensitive.metric_vector.0.turns.2,3,FAIL,"Every component reviewed: direction/raw normalization/tolerances specified, but populations/weights/uncertainty not executed; unknown metrics and negative tolerances accepted."
decision_profiles.tempo_sensitive.metric_vector.0.turns.3,4,FAIL,"Every component reviewed: direction/raw normalization/tolerances specified, but populations/weights/uncertainty not executed; unknown metrics and negative tolerances accepted."
decision_profiles.tempo_sensitive.metric_vector.0.scenarios.0,"""weighted_primary""",FAIL,"Every component reviewed: direction/raw normalization/tolerances specified, but populations/weights/uncertainty not executed; unknown metrics and negative tolerances accepted."
decision_profiles.tempo_sensitive.metric_vector.0.normalization,"""none""",FAIL,"Every component reviewed: direction/raw normalization/tolerances specified, but populations/weights/uncertainty not executed; unknown metrics and negative tolerances accepted."
decision_profiles.tempo_sensitive.metric_vector.0.no_worse_tolerance,0.01,FAIL,"Every component reviewed: direction/raw normalization/tolerances specified, but populations/weights/uncertainty not executed; unknown metrics and negative tolerances accepted."
decision_profiles.tempo_sensitive.metric_vector.0.materiality_tolerance,0.025,FAIL,"Every component reviewed: direction/raw normalization/tolerances specified, but populations/weights/uncertainty not executed; unknown metrics and negative tolerances accepted."
decision_profiles.tempo_sensitive.metric_vector.0.missing_data,"""error""",FAIL,"Every component reviewed: direction/raw normalization/tolerances specified, but populations/weights/uncertainty not executed; unknown metrics and negative tolerances accepted."
decision_profiles.tempo_sensitive.metric_vector.0.uncertainty,"""paired confidence interval""",FAIL,"Every component reviewed: direction/raw normalization/tolerances specified, but populations/weights/uncertainty not executed; unknown metrics and negative tolerances accepted."
decision_profiles.tempo_sensitive.metric_vector.1.metric,"""realized_etb_tapped_block""",FAIL,"Every component reviewed: direction/raw normalization/tolerances specified, but populations/weights/uncertainty not executed; unknown metrics and negative tolerances accepted."
decision_profiles.tempo_sensitive.metric_vector.1.direction,"""lower""",FAIL,"Every component reviewed: direction/raw normalization/tolerances specified, but populations/weights/uncertainty not executed; unknown metrics and negative tolerances accepted."
decision_profiles.tempo_sensitive.metric_vector.1.aggregation,"""rate per land play through turn 4""",FAIL,"Every component reviewed: direction/raw normalization/tolerances specified, but populations/weights/uncertainty not executed; unknown metrics and negative tolerances accepted."
decision_profiles.tempo_sensitive.metric_vector.1.turns.0,1,FAIL,"Every component reviewed: direction/raw normalization/tolerances specified, but populations/weights/uncertainty not executed; unknown metrics and negative tolerances accepted."
decision_profiles.tempo_sensitive.metric_vector.1.turns.1,2,FAIL,"Every component reviewed: direction/raw normalization/tolerances specified, but populations/weights/uncertainty not executed; unknown metrics and negative tolerances accepted."
decision_profiles.tempo_sensitive.metric_vector.1.turns.2,3,FAIL,"Every component reviewed: direction/raw normalization/tolerances specified, but populations/weights/uncertainty not executed; unknown metrics and negative tolerances accepted."
decision_profiles.tempo_sensitive.metric_vector.1.turns.3,4,FAIL,"Every component reviewed: direction/raw normalization/tolerances specified, but populations/weights/uncertainty not executed; unknown metrics and negative tolerances accepted."
decision_profiles.tempo_sensitive.metric_vector.1.scenarios.0,"""weighted_primary""",FAIL,"Every component reviewed: direction/raw normalization/tolerances specified, but populations/weights/uncertainty not executed; unknown metrics and negative tolerances accepted."
decision_profiles.tempo_sensitive.metric_vector.1.normalization,"""none""",FAIL,"Every component reviewed: direction/raw normalization/tolerances specified, but populations/weights/uncertainty not executed; unknown metrics and negative tolerances accepted."
decision_profiles.tempo_sensitive.metric_vector.1.no_worse_tolerance,0.0025,FAIL,"Every component reviewed: direction/raw normalization/tolerances specified, but populations/weights/uncertainty not executed; unknown metrics and negative tolerances accepted."
decision_profiles.tempo_sensitive.metric_vector.1.materiality_tolerance,0.005,FAIL,"Every component reviewed: direction/raw normalization/tolerances specified, but populations/weights/uncertainty not executed; unknown metrics and negative tolerances accepted."
decision_profiles.tempo_sensitive.metric_vector.1.missing_data,"""error""",FAIL,"Every component reviewed: direction/raw normalization/tolerances specified, but populations/weights/uncertainty not executed; unknown metrics and negative tolerances accepted."
decision_profiles.tempo_sensitive.metric_vector.1.uncertainty,"""paired confidence interval""",FAIL,"Every component reviewed: direction/raw normalization/tolerances specified, but populations/weights/uncertainty not executed; unknown metrics and negative tolerances accepted."
decision_profiles.tempo_sensitive.metric_vector.2.metric,"""double_spell_success""",FAIL,"Every component reviewed: direction/raw normalization/tolerances specified, but populations/weights/uncertainty not executed; unknown metrics and negative tolerances accepted."
decision_profiles.tempo_sensitive.metric_vector.2.direction,"""higher""",FAIL,"Every component reviewed: direction/raw normalization/tolerances specified, but populations/weights/uncertainty not executed; unknown metrics and negative tolerances accepted."
decision_profiles.tempo_sensitive.metric_vector.2.aggregation,"""mean at turns 3-4""",FAIL,"Every component reviewed: direction/raw normalization/tolerances specified, but populations/weights/uncertainty not executed; unknown metrics and negative tolerances accepted."
decision_profiles.tempo_sensitive.metric_vector.2.turns.0,3,FAIL,"Every component reviewed: direction/raw normalization/tolerances specified, but populations/weights/uncertainty not executed; unknown metrics and negative tolerances accepted."
decision_profiles.tempo_sensitive.metric_vector.2.turns.1,4,FAIL,"Every component reviewed: direction/raw normalization/tolerances specified, but populations/weights/uncertainty not executed; unknown metrics and negative tolerances accepted."
decision_profiles.tempo_sensitive.metric_vector.2.scenarios.0,"""weighted_primary""",FAIL,"Every component reviewed: direction/raw normalization/tolerances specified, but populations/weights/uncertainty not executed; unknown metrics and negative tolerances accepted."
decision_profiles.tempo_sensitive.metric_vector.2.normalization,"""none""",FAIL,"Every component reviewed: direction/raw normalization/tolerances specified, but populations/weights/uncertainty not executed; unknown metrics and negative tolerances accepted."
decision_profiles.tempo_sensitive.metric_vector.2.no_worse_tolerance,0.0025,FAIL,"Every component reviewed: direction/raw normalization/tolerances specified, but populations/weights/uncertainty not executed; unknown metrics and negative tolerances accepted."
decision_profiles.tempo_sensitive.metric_vector.2.materiality_tolerance,0.005,FAIL,"Every component reviewed: direction/raw normalization/tolerances specified, but populations/weights/uncertainty not executed; unknown metrics and negative tolerances accepted."
decision_profiles.tempo_sensitive.metric_vector.2.missing_data,"""error""",FAIL,"Every component reviewed: direction/raw normalization/tolerances specified, but populations/weights/uncertainty not executed; unknown metrics and negative tolerances accepted."
decision_profiles.tempo_sensitive.metric_vector.2.uncertainty,"""paired confidence interval""",FAIL,"Every component reviewed: direction/raw normalization/tolerances specified, but populations/weights/uncertainty not executed; unknown metrics and negative tolerances accepted."
decision_profiles.color_consistency.comparison,"""lexicographic metric vector; no scalar master score""",FAIL,"Every component reviewed: direction/raw normalization/tolerances specified, but populations/weights/uncertainty not executed; unknown metrics and negative tolerances accepted."
decision_profiles.color_consistency.tie_behavior,"""practically tied within component materiality tolerances; uncertainty retains both""",FAIL,"Every component reviewed: direction/raw normalization/tolerances specified, but populations/weights/uncertainty not executed; unknown metrics and negative tolerances accepted."
decision_profiles.color_consistency.overlap_rationale,"""Functional castability is primary; joint UB is a diagnostic secondary stress dimension and is omitted in the de-correlated variant.""",FAIL,"Every component reviewed: direction/raw normalization/tolerances specified, but populations/weights/uncertainty not executed; unknown metrics and negative tolerances accepted."
decision_profiles.color_consistency.leave_one_out,"""evaluate one preregistered variant per omitted component""",FAIL,"Every component reviewed: direction/raw normalization/tolerances specified, but populations/weights/uncertainty not executed; unknown metrics and negative tolerances accepted."
decision_profiles.color_consistency.decorrelated_variant.metrics.0,"""spell_level_on_time_castability""",FAIL,"Every component reviewed: direction/raw normalization/tolerances specified, but populations/weights/uncertainty not executed; unknown metrics and negative tolerances accepted."
decision_profiles.color_consistency.decorrelated_variant.rationale,"""Avoids counting raw color access separately from spell execution.""",FAIL,"Every component reviewed: direction/raw normalization/tolerances specified, but populations/weights/uncertainty not executed; unknown metrics and negative tolerances accepted."
decision_profiles.color_consistency.metric_vector.0.metric,"""spell_level_on_time_castability""",FAIL,"Every component reviewed: direction/raw normalization/tolerances specified, but populations/weights/uncertainty not executed; unknown metrics and negative tolerances accepted."
decision_profiles.color_consistency.metric_vector.0.direction,"""higher""",FAIL,"Every component reviewed: direction/raw normalization/tolerances specified, but populations/weights/uncertainty not executed; unknown metrics and negative tolerances accepted."
decision_profiles.color_consistency.metric_vector.0.aggregation,"""desired-window-weighted mean for colored spells""",FAIL,"Every component reviewed: direction/raw normalization/tolerances specified, but populations/weights/uncertainty not executed; unknown metrics and negative tolerances accepted."
decision_profiles.color_consistency.metric_vector.0.turns.0,1,FAIL,"Every component reviewed: direction/raw normalization/tolerances specified, but populations/weights/uncertainty not executed; unknown metrics and negative tolerances accepted."
decision_profiles.color_consistency.metric_vector.0.turns.1,2,FAIL,"Every component reviewed: direction/raw normalization/tolerances specified, but populations/weights/uncertainty not executed; unknown metrics and negative tolerances accepted."
decision_profiles.color_consistency.metric_vector.0.turns.2,3,FAIL,"Every component reviewed: direction/raw normalization/tolerances specified, but populations/weights/uncertainty not executed; unknown metrics and negative tolerances accepted."
decision_profiles.color_consistency.metric_vector.0.turns.3,4,FAIL,"Every component reviewed: direction/raw normalization/tolerances specified, but populations/weights/uncertainty not executed; unknown metrics and negative tolerances accepted."
decision_profiles.color_consistency.metric_vector.0.scenarios.0,"""weighted_primary""",FAIL,"Every component reviewed: direction/raw normalization/tolerances specified, but populations/weights/uncertainty not executed; unknown metrics and negative tolerances accepted."
decision_profiles.color_consistency.metric_vector.0.normalization,"""none""",FAIL,"Every component reviewed: direction/raw normalization/tolerances specified, but populations/weights/uncertainty not executed; unknown metrics and negative tolerances accepted."
decision_profiles.color_consistency.metric_vector.0.no_worse_tolerance,0.0025,FAIL,"Every component reviewed: direction/raw normalization/tolerances specified, but populations/weights/uncertainty not executed; unknown metrics and negative tolerances accepted."
decision_profiles.color_consistency.metric_vector.0.materiality_tolerance,0.005,FAIL,"Every component reviewed: direction/raw normalization/tolerances specified, but populations/weights/uncertainty not executed; unknown metrics and negative tolerances accepted."
decision_profiles.color_consistency.metric_vector.0.missing_data,"""error""",FAIL,"Every component reviewed: direction/raw normalization/tolerances specified, but populations/weights/uncertainty not executed; unknown metrics and negative tolerances accepted."
decision_profiles.color_consistency.metric_vector.0.uncertainty,"""paired confidence interval""",FAIL,"Every component reviewed: direction/raw normalization/tolerances specified, but populations/weights/uncertainty not executed; unknown metrics and negative tolerances accepted."
decision_profiles.color_consistency.metric_vector.1.metric,"""joint_UB_access_by_turn""",FAIL,"Every component reviewed: direction/raw normalization/tolerances specified, but populations/weights/uncertainty not executed; unknown metrics and negative tolerances accepted."
decision_profiles.color_consistency.metric_vector.1.direction,"""higher""",FAIL,"Every component reviewed: direction/raw normalization/tolerances specified, but populations/weights/uncertainty not executed; unknown metrics and negative tolerances accepted."
decision_profiles.color_consistency.metric_vector.1.aggregation,"""weighted rate T2=.6 T3=.3 T4=.1""",FAIL,"Every component reviewed: direction/raw normalization/tolerances specified, but populations/weights/uncertainty not executed; unknown metrics and negative tolerances accepted."
decision_profiles.color_consistency.metric_vector.1.turns.0,2,FAIL,"Every component reviewed: direction/raw normalization/tolerances specified, but populations/weights/uncertainty not executed; unknown metrics and negative tolerances accepted."
decision_profiles.color_consistency.metric_vector.1.turns.1,3,FAIL,"Every component reviewed: direction/raw normalization/tolerances specified, but populations/weights/uncertainty not executed; unknown metrics and negative tolerances accepted."
decision_profiles.color_consistency.metric_vector.1.turns.2,4,FAIL,"Every component reviewed: direction/raw normalization/tolerances specified, but populations/weights/uncertainty not executed; unknown metrics and negative tolerances accepted."
decision_profiles.color_consistency.metric_vector.1.scenarios.0,"""weighted_primary""",FAIL,"Every component reviewed: direction/raw normalization/tolerances specified, but populations/weights/uncertainty not executed; unknown metrics and negative tolerances accepted."
decision_profiles.color_consistency.metric_vector.1.normalization,"""none""",FAIL,"Every component reviewed: direction/raw normalization/tolerances specified, but populations/weights/uncertainty not executed; unknown metrics and negative tolerances accepted."
decision_profiles.color_consistency.metric_vector.1.no_worse_tolerance,0.0025,FAIL,"Every component reviewed: direction/raw normalization/tolerances specified, but populations/weights/uncertainty not executed; unknown metrics and negative tolerances accepted."
decision_profiles.color_consistency.metric_vector.1.materiality_tolerance,0.005,FAIL,"Every component reviewed: direction/raw normalization/tolerances specified, but populations/weights/uncertainty not executed; unknown metrics and negative tolerances accepted."
decision_profiles.color_consistency.metric_vector.1.missing_data,"""error""",FAIL,"Every component reviewed: direction/raw normalization/tolerances specified, but populations/weights/uncertainty not executed; unknown metrics and negative tolerances accepted."
decision_profiles.color_consistency.metric_vector.1.uncertainty,"""paired confidence interval""",FAIL,"Every component reviewed: direction/raw normalization/tolerances specified, but populations/weights/uncertainty not executed; unknown metrics and negative tolerances accepted."
decision_profiles.interaction_sensitive.comparison,"""lexicographic metric vector; no scalar master score""",FAIL,"Every component reviewed: direction/raw normalization/tolerances specified, but populations/weights/uncertainty not executed; unknown metrics and negative tolerances accepted."
decision_profiles.interaction_sensitive.tie_behavior,"""practically tied within component materiality tolerances; uncertainty retains both""",FAIL,"Every component reviewed: direction/raw normalization/tolerances specified, but populations/weights/uncertainty not executed; unknown metrics and negative tolerances accepted."
decision_profiles.interaction_sensitive.overlap_rationale,"""Spell-plus-held interaction is primary; general and Metalcraft availability are nested diagnostics removed by de-correlation.""",FAIL,"Every component reviewed: direction/raw normalization/tolerances specified, but populations/weights/uncertainty not executed; unknown metrics and negative tolerances accepted."
decision_profiles.interaction_sensitive.leave_one_out,"""evaluate one preregistered variant per omitted component""",FAIL,"Every component reviewed: direction/raw normalization/tolerances specified, but populations/weights/uncertainty not executed; unknown metrics and negative tolerances accepted."
decision_profiles.interaction_sensitive.decorrelated_variant.metrics.0,"""spell_plus_held_interaction_success""",FAIL,"Every component reviewed: direction/raw normalization/tolerances specified, but populations/weights/uncertainty not executed; unknown metrics and negative tolerances accepted."
decision_profiles.interaction_sensitive.decorrelated_variant.rationale,"""Uses the realized combined endpoint only.""",FAIL,"Every component reviewed: direction/raw normalization/tolerances specified, but populations/weights/uncertainty not executed; unknown metrics and negative tolerances accepted."
decision_profiles.interaction_sensitive.metric_vector.0.metric,"""spell_plus_held_interaction_success""",FAIL,"Every component reviewed: direction/raw normalization/tolerances specified, but populations/weights/uncertainty not executed; unknown metrics and negative tolerances accepted."
decision_profiles.interaction_sensitive.metric_vector.0.direction,"""higher""",FAIL,"Every component reviewed: direction/raw normalization/tolerances specified, but populations/weights/uncertainty not executed; unknown metrics and negative tolerances accepted."
decision_profiles.interaction_sensitive.metric_vector.0.aggregation,"""mean at turns 2-4 over own-main starts""",FAIL,"Every component reviewed: direction/raw normalization/tolerances specified, but populations/weights/uncertainty not executed; unknown metrics and negative tolerances accepted."
decision_profiles.interaction_sensitive.metric_vector.0.turns.0,2,FAIL,"Every component reviewed: direction/raw normalization/tolerances specified, but populations/weights/uncertainty not executed; unknown metrics and negative tolerances accepted."
decision_profiles.interaction_sensitive.metric_vector.0.turns.1,3,FAIL,"Every component reviewed: direction/raw normalization/tolerances specified, but populations/weights/uncertainty not executed; unknown metrics and negative tolerances accepted."
decision_profiles.interaction_sensitive.metric_vector.0.turns.2,4,FAIL,"Every component reviewed: direction/raw normalization/tolerances specified, but populations/weights/uncertainty not executed; unknown metrics and negative tolerances accepted."
decision_profiles.interaction_sensitive.metric_vector.0.scenarios.0,"""weighted_primary""",FAIL,"Every component reviewed: direction/raw normalization/tolerances specified, but populations/weights/uncertainty not executed; unknown metrics and negative tolerances accepted."
decision_profiles.interaction_sensitive.metric_vector.0.normalization,"""none""",FAIL,"Every component reviewed: direction/raw normalization/tolerances specified, but populations/weights/uncertainty not executed; unknown metrics and negative tolerances accepted."
decision_profiles.interaction_sensitive.metric_vector.0.no_worse_tolerance,0.0025,FAIL,"Every component reviewed: direction/raw normalization/tolerances specified, but populations/weights/uncertainty not executed; unknown metrics and negative tolerances accepted."
decision_profiles.interaction_sensitive.metric_vector.0.materiality_tolerance,0.005,FAIL,"Every component reviewed: direction/raw normalization/tolerances specified, but populations/weights/uncertainty not executed; unknown metrics and negative tolerances accepted."
decision_profiles.interaction_sensitive.metric_vector.0.missing_data,"""error""",FAIL,"Every component reviewed: direction/raw normalization/tolerances specified, but populations/weights/uncertainty not executed; unknown metrics and negative tolerances accepted."
decision_profiles.interaction_sensitive.metric_vector.0.uncertainty,"""paired confidence interval""",FAIL,"Every component reviewed: direction/raw normalization/tolerances specified, but populations/weights/uncertainty not executed; unknown metrics and negative tolerances accepted."
decision_profiles.interaction_sensitive.metric_vector.1.metric,"""opponent_turn_interaction_availability""",FAIL,"Every component reviewed: direction/raw normalization/tolerances specified, but populations/weights/uncertainty not executed; unknown metrics and negative tolerances accepted."
decision_profiles.interaction_sensitive.metric_vector.1.direction,"""higher""",FAIL,"Every component reviewed: direction/raw normalization/tolerances specified, but populations/weights/uncertainty not executed; unknown metrics and negative tolerances accepted."
decision_profiles.interaction_sensitive.metric_vector.1.aggregation,"""mean over held interaction opportunities""",FAIL,"Every component reviewed: direction/raw normalization/tolerances specified, but populations/weights/uncertainty not executed; unknown metrics and negative tolerances accepted."
decision_profiles.interaction_sensitive.metric_vector.1.turns.0,2,FAIL,"Every component reviewed: direction/raw normalization/tolerances specified, but populations/weights/uncertainty not executed; unknown metrics and negative tolerances accepted."
decision_profiles.interaction_sensitive.metric_vector.1.turns.1,3,FAIL,"Every component reviewed: direction/raw normalization/tolerances specified, but populations/weights/uncertainty not executed; unknown metrics and negative tolerances accepted."
decision_profiles.interaction_sensitive.metric_vector.1.turns.2,4,FAIL,"Every component reviewed: direction/raw normalization/tolerances specified, but populations/weights/uncertainty not executed; unknown metrics and negative tolerances accepted."
decision_profiles.interaction_sensitive.metric_vector.1.scenarios.0,"""weighted_primary""",FAIL,"Every component reviewed: direction/raw normalization/tolerances specified, but populations/weights/uncertainty not executed; unknown metrics and negative tolerances accepted."
decision_profiles.interaction_sensitive.metric_vector.1.normalization,"""none""",FAIL,"Every component reviewed: direction/raw normalization/tolerances specified, but populations/weights/uncertainty not executed; unknown metrics and negative tolerances accepted."
decision_profiles.interaction_sensitive.metric_vector.1.no_worse_tolerance,0.0025,FAIL,"Every component reviewed: direction/raw normalization/tolerances specified, but populations/weights/uncertainty not executed; unknown metrics and negative tolerances accepted."
decision_profiles.interaction_sensitive.metric_vector.1.materiality_tolerance,0.005,FAIL,"Every component reviewed: direction/raw normalization/tolerances specified, but populations/weights/uncertainty not executed; unknown metrics and negative tolerances accepted."
decision_profiles.interaction_sensitive.metric_vector.1.missing_data,"""error""",FAIL,"Every component reviewed: direction/raw normalization/tolerances specified, but populations/weights/uncertainty not executed; unknown metrics and negative tolerances accepted."
decision_profiles.interaction_sensitive.metric_vector.1.uncertainty,"""paired confidence interval""",FAIL,"Every component reviewed: direction/raw normalization/tolerances specified, but populations/weights/uncertainty not executed; unknown metrics and negative tolerances accepted."
decision_profiles.interaction_sensitive.metric_vector.2.metric,"""full_effect_metalcraft_interaction_availability""",FAIL,"Every component reviewed: direction/raw normalization/tolerances specified, but populations/weights/uncertainty not executed; unknown metrics and negative tolerances accepted."
decision_profiles.interaction_sensitive.metric_vector.2.direction,"""higher""",FAIL,"Every component reviewed: direction/raw normalization/tolerances specified, but populations/weights/uncertainty not executed; unknown metrics and negative tolerances accepted."
decision_profiles.interaction_sensitive.metric_vector.2.aggregation,"""mean over Dispatch/Blast held opportunities""",FAIL,"Every component reviewed: direction/raw normalization/tolerances specified, but populations/weights/uncertainty not executed; unknown metrics and negative tolerances accepted."
decision_profiles.interaction_sensitive.metric_vector.2.turns.0,2,FAIL,"Every component reviewed: direction/raw normalization/tolerances specified, but populations/weights/uncertainty not executed; unknown metrics and negative tolerances accepted."
decision_profiles.interaction_sensitive.metric_vector.2.turns.1,3,FAIL,"Every component reviewed: direction/raw normalization/tolerances specified, but populations/weights/uncertainty not executed; unknown metrics and negative tolerances accepted."
decision_profiles.interaction_sensitive.metric_vector.2.turns.2,4,FAIL,"Every component reviewed: direction/raw normalization/tolerances specified, but populations/weights/uncertainty not executed; unknown metrics and negative tolerances accepted."
decision_profiles.interaction_sensitive.metric_vector.2.scenarios.0,"""weighted_primary""",FAIL,"Every component reviewed: direction/raw normalization/tolerances specified, but populations/weights/uncertainty not executed; unknown metrics and negative tolerances accepted."
decision_profiles.interaction_sensitive.metric_vector.2.normalization,"""none""",FAIL,"Every component reviewed: direction/raw normalization/tolerances specified, but populations/weights/uncertainty not executed; unknown metrics and negative tolerances accepted."
decision_profiles.interaction_sensitive.metric_vector.2.no_worse_tolerance,0.0025,FAIL,"Every component reviewed: direction/raw normalization/tolerances specified, but populations/weights/uncertainty not executed; unknown metrics and negative tolerances accepted."
decision_profiles.interaction_sensitive.metric_vector.2.materiality_tolerance,0.005,FAIL,"Every component reviewed: direction/raw normalization/tolerances specified, but populations/weights/uncertainty not executed; unknown metrics and negative tolerances accepted."
decision_profiles.interaction_sensitive.metric_vector.2.missing_data,"""error""",FAIL,"Every component reviewed: direction/raw normalization/tolerances specified, but populations/weights/uncertainty not executed; unknown metrics and negative tolerances accepted."
decision_profiles.interaction_sensitive.metric_vector.2.uncertainty,"""paired confidence interval""",FAIL,"Every component reviewed: direction/raw normalization/tolerances specified, but populations/weights/uncertainty not executed; unknown metrics and negative tolerances accepted."
decision_profiles.double_spell_sensitive.comparison,"""lexicographic metric vector; no scalar master score""",FAIL,"Every component reviewed: direction/raw normalization/tolerances specified, but populations/weights/uncertainty not executed; unknown metrics and negative tolerances accepted."
decision_profiles.double_spell_sensitive.tie_behavior,"""practically tied within component materiality tolerances; uncertainty retains both""",FAIL,"Every component reviewed: direction/raw normalization/tolerances specified, but populations/weights/uncertainty not executed; unknown metrics and negative tolerances accepted."
decision_profiles.double_spell_sensitive.overlap_rationale,"""Double-spell and spell-plus-interaction are different paired-action endpoints; de-correlation retains double-spell only.""",FAIL,"Every component reviewed: direction/raw normalization/tolerances specified, but populations/weights/uncertainty not executed; unknown metrics and negative tolerances accepted."
decision_profiles.double_spell_sensitive.leave_one_out,"""evaluate one preregistered variant per omitted component""",FAIL,"Every component reviewed: direction/raw normalization/tolerances specified, but populations/weights/uncertainty not executed; unknown metrics and negative tolerances accepted."
decision_profiles.double_spell_sensitive.decorrelated_variant.metrics.0,"""double_spell_success""",FAIL,"Every component reviewed: direction/raw normalization/tolerances specified, but populations/weights/uncertainty not executed; unknown metrics and negative tolerances accepted."
decision_profiles.double_spell_sensitive.decorrelated_variant.rationale,"""Single primary multi-action endpoint.""",FAIL,"Every component reviewed: direction/raw normalization/tolerances specified, but populations/weights/uncertainty not executed; unknown metrics and negative tolerances accepted."
decision_profiles.double_spell_sensitive.metric_vector.0.metric,"""double_spell_success""",FAIL,"Every component reviewed: direction/raw normalization/tolerances specified, but populations/weights/uncertainty not executed; unknown metrics and negative tolerances accepted."
decision_profiles.double_spell_sensitive.metric_vector.0.direction,"""higher""",FAIL,"Every component reviewed: direction/raw normalization/tolerances specified, but populations/weights/uncertainty not executed; unknown metrics and negative tolerances accepted."
decision_profiles.double_spell_sensitive.metric_vector.0.aggregation,"""mean at turns 3-4 with T3=.4 T4=.6""",FAIL,"Every component reviewed: direction/raw normalization/tolerances specified, but populations/weights/uncertainty not executed; unknown metrics and negative tolerances accepted."
decision_profiles.double_spell_sensitive.metric_vector.0.turns.0,3,FAIL,"Every component reviewed: direction/raw normalization/tolerances specified, but populations/weights/uncertainty not executed; unknown metrics and negative tolerances accepted."
decision_profiles.double_spell_sensitive.metric_vector.0.turns.1,4,FAIL,"Every component reviewed: direction/raw normalization/tolerances specified, but populations/weights/uncertainty not executed; unknown metrics and negative tolerances accepted."
decision_profiles.double_spell_sensitive.metric_vector.0.scenarios.0,"""weighted_primary""",FAIL,"Every component reviewed: direction/raw normalization/tolerances specified, but populations/weights/uncertainty not executed; unknown metrics and negative tolerances accepted."
decision_profiles.double_spell_sensitive.metric_vector.0.normalization,"""none""",FAIL,"Every component reviewed: direction/raw normalization/tolerances specified, but populations/weights/uncertainty not executed; unknown metrics and negative tolerances accepted."
decision_profiles.double_spell_sensitive.metric_vector.0.no_worse_tolerance,0.0025,FAIL,"Every component reviewed: direction/raw normalization/tolerances specified, but populations/weights/uncertainty not executed; unknown metrics and negative tolerances accepted."
decision_profiles.double_spell_sensitive.metric_vector.0.materiality_tolerance,0.005,FAIL,"Every component reviewed: direction/raw normalization/tolerances specified, but populations/weights/uncertainty not executed; unknown metrics and negative tolerances accepted."
decision_profiles.double_spell_sensitive.metric_vector.0.missing_data,"""error""",FAIL,"Every component reviewed: direction/raw normalization/tolerances specified, but populations/weights/uncertainty not executed; unknown metrics and negative tolerances accepted."
decision_profiles.double_spell_sensitive.metric_vector.0.uncertainty,"""paired confidence interval""",FAIL,"Every component reviewed: direction/raw normalization/tolerances specified, but populations/weights/uncertainty not executed; unknown metrics and negative tolerances accepted."
decision_profiles.double_spell_sensitive.metric_vector.1.metric,"""spell_plus_held_interaction_success""",FAIL,"Every component reviewed: direction/raw normalization/tolerances specified, but populations/weights/uncertainty not executed; unknown metrics and negative tolerances accepted."
decision_profiles.double_spell_sensitive.metric_vector.1.direction,"""higher""",FAIL,"Every component reviewed: direction/raw normalization/tolerances specified, but populations/weights/uncertainty not executed; unknown metrics and negative tolerances accepted."
decision_profiles.double_spell_sensitive.metric_vector.1.aggregation,"""mean at turns 3-4""",FAIL,"Every component reviewed: direction/raw normalization/tolerances specified, but populations/weights/uncertainty not executed; unknown metrics and negative tolerances accepted."
decision_profiles.double_spell_sensitive.metric_vector.1.turns.0,3,FAIL,"Every component reviewed: direction/raw normalization/tolerances specified, but populations/weights/uncertainty not executed; unknown metrics and negative tolerances accepted."
decision_profiles.double_spell_sensitive.metric_vector.1.turns.1,4,FAIL,"Every component reviewed: direction/raw normalization/tolerances specified, but populations/weights/uncertainty not executed; unknown metrics and negative tolerances accepted."
decision_profiles.double_spell_sensitive.metric_vector.1.scenarios.0,"""weighted_primary""",FAIL,"Every component reviewed: direction/raw normalization/tolerances specified, but populations/weights/uncertainty not executed; unknown metrics and negative tolerances accepted."
decision_profiles.double_spell_sensitive.metric_vector.1.normalization,"""none""",FAIL,"Every component reviewed: direction/raw normalization/tolerances specified, but populations/weights/uncertainty not executed; unknown metrics and negative tolerances accepted."
decision_profiles.double_spell_sensitive.metric_vector.1.no_worse_tolerance,0.0025,FAIL,"Every component reviewed: direction/raw normalization/tolerances specified, but populations/weights/uncertainty not executed; unknown metrics and negative tolerances accepted."
decision_profiles.double_spell_sensitive.metric_vector.1.materiality_tolerance,0.005,FAIL,"Every component reviewed: direction/raw normalization/tolerances specified, but populations/weights/uncertainty not executed; unknown metrics and negative tolerances accepted."
decision_profiles.double_spell_sensitive.metric_vector.1.missing_data,"""error""",FAIL,"Every component reviewed: direction/raw normalization/tolerances specified, but populations/weights/uncertainty not executed; unknown metrics and negative tolerances accepted."
decision_profiles.double_spell_sensitive.metric_vector.1.uncertainty,"""paired confidence interval""",FAIL,"Every component reviewed: direction/raw normalization/tolerances specified, but populations/weights/uncertainty not executed; unknown metrics and negative tolerances accepted."
decision_profiles.affinity_value_engine.comparison,"""lexicographic metric vector; no scalar master score""",FAIL,"Every component reviewed: direction/raw normalization/tolerances specified, but populations/weights/uncertainty not executed; unknown metrics and negative tolerances accepted."
decision_profiles.affinity_value_engine.tie_behavior,"""practically tied within component materiality tolerances; uncertainty retains both""",FAIL,"Every component reviewed: direction/raw normalization/tolerances specified, but populations/weights/uncertainty not executed; unknown metrics and negative tolerances accepted."
decision_profiles.affinity_value_engine.overlap_rationale,"""Functional affinity spell castability is primary; artifact and Metalcraft rates remain descriptive and are excluded from this profile.""",FAIL,"Every component reviewed: direction/raw normalization/tolerances specified, but populations/weights/uncertainty not executed; unknown metrics and negative tolerances accepted."
decision_profiles.affinity_value_engine.leave_one_out,"""evaluate one preregistered variant per omitted component""",FAIL,"Every component reviewed: direction/raw normalization/tolerances specified, but populations/weights/uncertainty not executed; unknown metrics and negative tolerances accepted."
decision_profiles.affinity_value_engine.decorrelated_variant.metrics.0,"""spell_level_on_time_castability""",FAIL,"Every component reviewed: direction/raw normalization/tolerances specified, but populations/weights/uncertainty not executed; unknown metrics and negative tolerances accepted."
decision_profiles.affinity_value_engine.decorrelated_variant.metrics.1,"""critical_sequence_success""",FAIL,"Every component reviewed: direction/raw normalization/tolerances specified, but populations/weights/uncertainty not executed; unknown metrics and negative tolerances accepted."
decision_profiles.affinity_value_engine.decorrelated_variant.rationale,"""Both retained endpoints are functional rather than raw artifact-count proxies.""",FAIL,"Every component reviewed: direction/raw normalization/tolerances specified, but populations/weights/uncertainty not executed; unknown metrics and negative tolerances accepted."
decision_profiles.affinity_value_engine.metric_vector.0.metric,"""spell_level_on_time_castability""",FAIL,"Every component reviewed: direction/raw normalization/tolerances specified, but populations/weights/uncertainty not executed; unknown metrics and negative tolerances accepted."
decision_profiles.affinity_value_engine.metric_vector.0.direction,"""higher""",FAIL,"Every component reviewed: direction/raw normalization/tolerances specified, but populations/weights/uncertainty not executed; unknown metrics and negative tolerances accepted."
decision_profiles.affinity_value_engine.metric_vector.0.aggregation,"""desired-window-weighted mean for Thoughtcast/Myr Enforcer/Refurbished Familiar/Utrom Monitor""",FAIL,"Every component reviewed: direction/raw normalization/tolerances specified, but populations/weights/uncertainty not executed; unknown metrics and negative tolerances accepted."
decision_profiles.affinity_value_engine.metric_vector.0.turns.0,2,FAIL,"Every component reviewed: direction/raw normalization/tolerances specified, but populations/weights/uncertainty not executed; unknown metrics and negative tolerances accepted."
decision_profiles.affinity_value_engine.metric_vector.0.turns.1,3,FAIL,"Every component reviewed: direction/raw normalization/tolerances specified, but populations/weights/uncertainty not executed; unknown metrics and negative tolerances accepted."
decision_profiles.affinity_value_engine.metric_vector.0.turns.2,4,FAIL,"Every component reviewed: direction/raw normalization/tolerances specified, but populations/weights/uncertainty not executed; unknown metrics and negative tolerances accepted."
decision_profiles.affinity_value_engine.metric_vector.0.scenarios.0,"""weighted_primary""",FAIL,"Every component reviewed: direction/raw normalization/tolerances specified, but populations/weights/uncertainty not executed; unknown metrics and negative tolerances accepted."
decision_profiles.affinity_value_engine.metric_vector.0.normalization,"""none""",FAIL,"Every component reviewed: direction/raw normalization/tolerances specified, but populations/weights/uncertainty not executed; unknown metrics and negative tolerances accepted."
decision_profiles.affinity_value_engine.metric_vector.0.no_worse_tolerance,0.0025,FAIL,"Every component reviewed: direction/raw normalization/tolerances specified, but populations/weights/uncertainty not executed; unknown metrics and negative tolerances accepted."
decision_profiles.affinity_value_engine.metric_vector.0.materiality_tolerance,0.005,FAIL,"Every component reviewed: direction/raw normalization/tolerances specified, but populations/weights/uncertainty not executed; unknown metrics and negative tolerances accepted."
decision_profiles.affinity_value_engine.metric_vector.0.missing_data,"""error""",FAIL,"Every component reviewed: direction/raw normalization/tolerances specified, but populations/weights/uncertainty not executed; unknown metrics and negative tolerances accepted."
decision_profiles.affinity_value_engine.metric_vector.0.uncertainty,"""paired confidence interval""",FAIL,"Every component reviewed: direction/raw normalization/tolerances specified, but populations/weights/uncertainty not executed; unknown metrics and negative tolerances accepted."
decision_profiles.affinity_value_engine.metric_vector.1.metric,"""critical_sequence_success""",FAIL,"Every component reviewed: direction/raw normalization/tolerances specified, but populations/weights/uncertainty not executed; unknown metrics and negative tolerances accepted."
decision_profiles.affinity_value_engine.metric_vector.1.direction,"""higher""",FAIL,"Every component reviewed: direction/raw normalization/tolerances specified, but populations/weights/uncertainty not executed; unknown metrics and negative tolerances accepted."
decision_profiles.affinity_value_engine.metric_vector.1.aggregation,"""mean of preregistered affinity and Cryogen/Hawk sequence predicates""",FAIL,"Every component reviewed: direction/raw normalization/tolerances specified, but populations/weights/uncertainty not executed; unknown metrics and negative tolerances accepted."
decision_profiles.affinity_value_engine.metric_vector.1.turns.0,2,FAIL,"Every component reviewed: direction/raw normalization/tolerances specified, but populations/weights/uncertainty not executed; unknown metrics and negative tolerances accepted."
decision_profiles.affinity_value_engine.metric_vector.1.turns.1,3,FAIL,"Every component reviewed: direction/raw normalization/tolerances specified, but populations/weights/uncertainty not executed; unknown metrics and negative tolerances accepted."
decision_profiles.affinity_value_engine.metric_vector.1.turns.2,4,FAIL,"Every component reviewed: direction/raw normalization/tolerances specified, but populations/weights/uncertainty not executed; unknown metrics and negative tolerances accepted."
decision_profiles.affinity_value_engine.metric_vector.1.scenarios.0,"""weighted_primary""",FAIL,"Every component reviewed: direction/raw normalization/tolerances specified, but populations/weights/uncertainty not executed; unknown metrics and negative tolerances accepted."
decision_profiles.affinity_value_engine.metric_vector.1.normalization,"""none""",FAIL,"Every component reviewed: direction/raw normalization/tolerances specified, but populations/weights/uncertainty not executed; unknown metrics and negative tolerances accepted."
decision_profiles.affinity_value_engine.metric_vector.1.no_worse_tolerance,0.0025,FAIL,"Every component reviewed: direction/raw normalization/tolerances specified, but populations/weights/uncertainty not executed; unknown metrics and negative tolerances accepted."
decision_profiles.affinity_value_engine.metric_vector.1.materiality_tolerance,0.005,FAIL,"Every component reviewed: direction/raw normalization/tolerances specified, but populations/weights/uncertainty not executed; unknown metrics and negative tolerances accepted."
decision_profiles.affinity_value_engine.metric_vector.1.missing_data,"""error""",FAIL,"Every component reviewed: direction/raw normalization/tolerances specified, but populations/weights/uncertainty not executed; unknown metrics and negative tolerances accepted."
decision_profiles.affinity_value_engine.metric_vector.1.uncertainty,"""paired confidence interval""",FAIL,"Every component reviewed: direction/raw normalization/tolerances specified, but populations/weights/uncertainty not executed; unknown metrics and negative tolerances accepted."
screening.confidence_level,0.99,FAIL,Holm/family/near-boundary/retention prose lacks executed production procedure.
screening.multiple_comparison_control,"""Holm family-wise alpha 0.01 within each profile and stage""",FAIL,Holm/family/near-boundary/retention prose lacks executed production procedure.
screening.elimination_rule,"""A non-protected candidate may be eliminated only when at least 512 paired trials exist and one retained comparator is statistically no-worse within tolerance on every profile component and materially better on at least one; point estimates alone never eliminate.""",FAIL,Holm/family/near-boundary/retention prose lacks executed production procedure.
screening.near_boundary_rule,"""Retain if any component confidence interval crosses the no-worse or materiality boundary or if profile results conflict.""",FAIL,Holm/family/near-boundary/retention prose lacks executed production procedure.
screening.false_elimination_safety,"""C0 and every 3-Bridge candidate are always retained; all uncertain comparisons are retained; screening eliminations are auditable and reversible from raw rows.""",FAIL,Holm/family/near-boundary/retention prose lacks executed production procedure.
finalist_retention.rule,"""Union of C0; each profile's uncertainty set; all profile-Pareto unresolved candidates; and every candidate within two materiality tolerances of any profile leader.""",FAIL,Union/minimum/soft target rules not computed; all-3-Bridge propagation beyond screening not explicitly realized.
finalist_retention.minimum_finalists,5,FAIL,Union/minimum/soft target rules not computed; all-3-Bridge propagation beyond screening not explicitly realized.
finalist_retention.maximum_soft_target,64,FAIL,Union/minimum/soft target rules not computed; all-3-Bridge propagation beyond screening not explicitly realized.
finalist_retention.target_is_not_a_cap,true,FAIL,Union/minimum/soft target rules not computed; all-3-Bridge propagation beyond screening not explicitly realized.
validation.confidence_level,0.95,FAIL,"Fresh numeric seed only; pairing isolation, multiplicity and adaptive coverage unimplemented."
validation.paired_common_random_numbers,true,FAIL,"Fresh numeric seed only; pairing isolation, multiplicity and adaptive coverage unimplemented."
validation.fresh_seed_required,true,FAIL,"Fresh numeric seed only; pairing isolation, multiplicity and adaptive coverage unimplemented."
validation.adaptive_rule,"""Add 16384-trial validation batches up to 131072 only for comparisons whose paired interval intersects a no-worse or materiality boundary.""",FAIL,"Fresh numeric seed only; pairing isolation, multiplicity and adaptive coverage unimplemented."
validation.multiple_comparison_handling,"""Holm family-wise alpha 0.05 across confirmatory pairwise claims within each profile; exploratory intervals labeled separately.""",FAIL,"Fresh numeric seed only; pairing isolation, multiplicity and adaptive coverage unimplemented."
dominance.exact_dimensions,"""Apply direction and practical tolerances directly.""",PARTIAL,Low-level oriented bound relation implemented; invalid inputs/equivalence/complete dimension set unresolved.
dominance.stochastic_dimensions,"""Use paired confidence bounds; no-worse requires the oriented lower bound >= -no_worse_tolerance; material improvement requires the oriented lower bound > materiality_tolerance.""",PARTIAL,Low-level oriented bound relation implemented; invalid inputs/equivalence/complete dimension set unresolved.
dominance.missing_data,"""Comparison is unresolved; never dominate.""",PARTIAL,Low-level oriented bound relation implemented; invalid inputs/equivalence/complete dimension set unresolved.
dominance.conflict,"""Any materially worse dimension blocks dominance.""",PARTIAL,Low-level oriented bound relation implemented; invalid inputs/equivalence/complete dimension set unresolved.
dominance.frontier_rule,"""Remove a candidate only when another is no-worse on all eligible dimensions and materially better on at least one under the uncertainty rule.""",PARTIAL,Low-level oriented bound relation implemented; invalid inputs/equivalence/complete dimension set unresolved.
robustness_scenarios.0.id,"""baseline_primary""",FAIL,"Seven labels, no executor; independent scry choices cannot be passed to simulate_trial."
robustness_scenarios.0.mulligan,"""baseline_functional_london""",FAIL,"Seven labels, no executor; independent scry choices cannot be passed to simulate_trial."
robustness_scenarios.0.sequencing,"""baseline_hand_demand""",FAIL,"Seven labels, no executor; independent scry choices cannot be passed to simulate_trial."
robustness_scenarios.0.reserve,"""reserve_one_reply""",FAIL,"Seven labels, no executor; independent scry choices cannot be passed to simulate_trial."
robustness_scenarios.0.scry,"""boulder_scry_baseline""",FAIL,"Seven labels, no executor; independent scry choices cannot be passed to simulate_trial."
robustness_scenarios.0.information,"""baseline_information_value""",FAIL,"Seven labels, no executor; independent scry choices cannot be passed to simulate_trial."
robustness_scenarios.0.play_draw,"""weighted_50_50""",FAIL,"Seven labels, no executor; independent scry choices cannot be passed to simulate_trial."
robustness_scenarios.1.id,"""alternate_mulligan""",FAIL,"Seven labels, no executor; independent scry choices cannot be passed to simulate_trial."
robustness_scenarios.1.mulligan,"""alternate_landcount_london""",FAIL,"Seven labels, no executor; independent scry choices cannot be passed to simulate_trial."
robustness_scenarios.1.sequencing,"""baseline_hand_demand""",FAIL,"Seven labels, no executor; independent scry choices cannot be passed to simulate_trial."
robustness_scenarios.1.reserve,"""reserve_one_reply""",FAIL,"Seven labels, no executor; independent scry choices cannot be passed to simulate_trial."
robustness_scenarios.1.scry,"""boulder_scry_baseline""",FAIL,"Seven labels, no executor; independent scry choices cannot be passed to simulate_trial."
robustness_scenarios.1.information,"""baseline_information_value""",FAIL,"Seven labels, no executor; independent scry choices cannot be passed to simulate_trial."
robustness_scenarios.1.play_draw,"""weighted_50_50""",FAIL,"Seven labels, no executor; independent scry choices cannot be passed to simulate_trial."
robustness_scenarios.2.id,"""tempo_tapout""",FAIL,"Seven labels, no executor; independent scry choices cannot be passed to simulate_trial."
robustness_scenarios.2.mulligan,"""baseline_functional_london""",FAIL,"Seven labels, no executor; independent scry choices cannot be passed to simulate_trial."
robustness_scenarios.2.sequencing,"""alternate_tempo_untapped""",FAIL,"Seven labels, no executor; independent scry choices cannot be passed to simulate_trial."
robustness_scenarios.2.reserve,"""tap_out_development""",FAIL,"Seven labels, no executor; independent scry choices cannot be passed to simulate_trial."
robustness_scenarios.2.scry,"""boulder_scry_baseline""",FAIL,"Seven labels, no executor; independent scry choices cannot be passed to simulate_trial."
robustness_scenarios.2.information,"""baseline_information_value""",FAIL,"Seven labels, no executor; independent scry choices cannot be passed to simulate_trial."
robustness_scenarios.2.play_draw,"""weighted_50_50""",FAIL,"Seven labels, no executor; independent scry choices cannot be passed to simulate_trial."
robustness_scenarios.3.id,"""alternate_scry_information""",FAIL,"Seven labels, no executor; independent scry choices cannot be passed to simulate_trial."
robustness_scenarios.3.mulligan,"""baseline_functional_london""",FAIL,"Seven labels, no executor; independent scry choices cannot be passed to simulate_trial."
robustness_scenarios.3.sequencing,"""baseline_hand_demand""",FAIL,"Seven labels, no executor; independent scry choices cannot be passed to simulate_trial."
robustness_scenarios.3.reserve,"""reserve_one_reply""",FAIL,"Seven labels, no executor; independent scry choices cannot be passed to simulate_trial."
robustness_scenarios.3.scry,"""boulder_scry_alternate""",FAIL,"Seven labels, no executor; independent scry choices cannot be passed to simulate_trial."
robustness_scenarios.3.information,"""conservative_information_value""",FAIL,"Seven labels, no executor; independent scry choices cannot be passed to simulate_trial."
robustness_scenarios.3.play_draw,"""weighted_50_50""",FAIL,"Seven labels, no executor; independent scry choices cannot be passed to simulate_trial."
robustness_scenarios.4.id,"""all_play""",FAIL,"Seven labels, no executor; independent scry choices cannot be passed to simulate_trial."
robustness_scenarios.4.mulligan,"""baseline_functional_london""",FAIL,"Seven labels, no executor; independent scry choices cannot be passed to simulate_trial."
robustness_scenarios.4.sequencing,"""baseline_hand_demand""",FAIL,"Seven labels, no executor; independent scry choices cannot be passed to simulate_trial."
robustness_scenarios.4.reserve,"""reserve_one_reply""",FAIL,"Seven labels, no executor; independent scry choices cannot be passed to simulate_trial."
robustness_scenarios.4.scry,"""boulder_scry_baseline""",FAIL,"Seven labels, no executor; independent scry choices cannot be passed to simulate_trial."
robustness_scenarios.4.information,"""baseline_information_value""",FAIL,"Seven labels, no executor; independent scry choices cannot be passed to simulate_trial."
robustness_scenarios.4.play_draw,"""all_play""",FAIL,"Seven labels, no executor; independent scry choices cannot be passed to simulate_trial."
robustness_scenarios.5.id,"""all_draw""",FAIL,"Seven labels, no executor; independent scry choices cannot be passed to simulate_trial."
robustness_scenarios.5.mulligan,"""baseline_functional_london""",FAIL,"Seven labels, no executor; independent scry choices cannot be passed to simulate_trial."
robustness_scenarios.5.sequencing,"""baseline_hand_demand""",FAIL,"Seven labels, no executor; independent scry choices cannot be passed to simulate_trial."
robustness_scenarios.5.reserve,"""reserve_one_reply""",FAIL,"Seven labels, no executor; independent scry choices cannot be passed to simulate_trial."
robustness_scenarios.5.scry,"""boulder_scry_baseline""",FAIL,"Seven labels, no executor; independent scry choices cannot be passed to simulate_trial."
robustness_scenarios.5.information,"""baseline_information_value""",FAIL,"Seven labels, no executor; independent scry choices cannot be passed to simulate_trial."
robustness_scenarios.5.play_draw,"""all_draw""",FAIL,"Seven labels, no executor; independent scry choices cannot be passed to simulate_trial."
robustness_scenarios.6.id,"""target_dependent_options_raw_only""",FAIL,"Seven labels, no executor; independent scry choices cannot be passed to simulate_trial."
robustness_scenarios.6.mulligan,"""baseline_functional_london""",FAIL,"Seven labels, no executor; independent scry choices cannot be passed to simulate_trial."
robustness_scenarios.6.sequencing,"""baseline_hand_demand""",FAIL,"Seven labels, no executor; independent scry choices cannot be passed to simulate_trial."
robustness_scenarios.6.reserve,"""reserve_one_reply""",FAIL,"Seven labels, no executor; independent scry choices cannot be passed to simulate_trial."
robustness_scenarios.6.scry,"""boulder_scry_baseline""",FAIL,"Seven labels, no executor; independent scry choices cannot be passed to simulate_trial."
robustness_scenarios.6.information,"""baseline_information_value""",FAIL,"Seven labels, no executor; independent scry choices cannot be passed to simulate_trial."
robustness_scenarios.6.play_draw,"""weighted_50_50""",FAIL,"Seven labels, no executor; independent scry choices cannot be passed to simulate_trial."
mechanics.registry_path,"""RUN_G_MECHANICS_COVERAGE.csv""",FAIL,Registry hash enforced; relevance labels accepted without behavioral containment.
mechanics.registry_sha256,"""7a732b36e2530783e9d0bd685a0904f93c2b267810c161fa11bd3e534a9cc6f5""",FAIL,Registry hash enforced; relevance labels accepted without behavioral containment.
mechanics.blocking_rule,"""Any ranking-relevant row not IMPLEMENTED + TESTED blocks readiness and execution.""",FAIL,Registry hash enforced; relevance labels accepted without behavioral containment.
outputs.candidate_metrics,"""outputs/phase3/candidate_metrics.parquet_or_csv""",FAIL,Paths/schema names only; ambiguous parquet_or_csv; no complete production writers or joint provenance.
outputs.spell_metrics,"""outputs/phase3/spell_turn_metrics.parquet_or_csv""",FAIL,Paths/schema names only; ambiguous parquet_or_csv; no complete production writers or joint provenance.
outputs.turn_metrics,"""outputs/phase3/turn_metrics.parquet_or_csv""",FAIL,Paths/schema names only; ambiguous parquet_or_csv; no complete production writers or joint provenance.
outputs.paired_differences,"""outputs/phase3/paired_differences.parquet_or_csv""",FAIL,Paths/schema names only; ambiguous parquet_or_csv; no complete production writers or joint provenance.
outputs.screening_decisions,"""outputs/phase3/screening_decisions.jsonl""",FAIL,Paths/schema names only; ambiguous parquet_or_csv; no complete production writers or joint provenance.
outputs.validation_results,"""outputs/phase3/validation_results.jsonl""",FAIL,Paths/schema names only; ambiguous parquet_or_csv; no complete production writers or joint provenance.
outputs.robustness_matrix,"""outputs/phase3/robustness_matrix.csv""",FAIL,Paths/schema names only; ambiguous parquet_or_csv; no complete production writers or joint provenance.
outputs.pareto_frontier,"""outputs/phase3/pareto_frontier.csv""",FAIL,Paths/schema names only; ambiguous parquet_or_csv; no complete production writers or joint provenance.
outputs.stage_manifests,"""outputs/phase3/manifests""",FAIL,Paths/schema names only; ambiguous parquet_or_csv; no complete production writers or joint provenance.
outputs.final_report,"""outputs/phase3/FINAL_PHASE3_REPORT.md""",FAIL,Paths/schema names only; ambiguous parquet_or_csv; no complete production writers or joint provenance.
outputs.required_row_provenance.0,"""candidate_id""",FAIL,Paths/schema names only; ambiguous parquet_or_csv; no complete production writers or joint provenance.
outputs.required_row_provenance.1,"""config_hash""",FAIL,Paths/schema names only; ambiguous parquet_or_csv; no complete production writers or joint provenance.
outputs.required_row_provenance.2,"""policy_hash""",FAIL,Paths/schema names only; ambiguous parquet_or_csv; no complete production writers or joint provenance.
outputs.required_row_provenance.3,"""seed_partition""",FAIL,Paths/schema names only; ambiguous parquet_or_csv; no complete production writers or joint provenance.
outputs.required_row_provenance.4,"""scenario_id""",FAIL,Paths/schema names only; ambiguous parquet_or_csv; no complete production writers or joint provenance.
outputs.required_row_provenance.5,"""metric""",FAIL,Paths/schema names only; ambiguous parquet_or_csv; no complete production writers or joint provenance.
outputs.required_row_provenance.6,"""value""",FAIL,Paths/schema names only; ambiguous parquet_or_csv; no complete production writers or joint provenance.
stop_conditions.0,"""Parent archive, deck, mechanic registry, config, code tree, or policy hash mismatch.""",FAIL,"Some checks implemented; missing-event, lineage, scenario drift and paired-key conditions not fully enforced."
stop_conditions.1,"""Candidate count is not 296706 or C0 does not occur exactly once.""",FAIL,"Some checks implemented; missing-event, lineage, scenario drift and paired-key conditions not fully enforced."
stop_conditions.2,"""Any requested policy is missing or screening and validation policy identities differ outside a labeled robustness scenario.""",FAIL,"Some checks implemented; missing-event, lineage, scenario drift and paired-key conditions not fully enforced."
stop_conditions.3,"""Selection and validation seed partitions overlap or a pairing key is missing/duplicated.""",FAIL,"Some checks implemented; missing-event, lineage, scenario drift and paired-key conditions not fully enforced."
stop_conditions.4,"""Any ranking-relevant mechanic is not IMPLEMENTED + TESTED.""",FAIL,"Some checks implemented; missing-event, lineage, scenario drift and paired-key conditions not fully enforced."
stop_conditions.5,"""Raw-event aggregation detects missing required events, duplicate opportunity IDs, or schema drift.""",FAIL,"Some checks implemented; missing-event, lineage, scenario drift and paired-key conditions not fully enforced."
stop_conditions.6,"""A stage prerequisite or immutable manifest is missing or mismatched.""",FAIL,"Some checks implemented; missing-event, lineage, scenario drift and paired-key conditions not fully enforced."
stop_conditions.7,"""Dry-run/readiness mode is asked to evaluate real candidate performance.""",FAIL,"Some checks implemented; missing-event, lineage, scenario drift and paired-key conditions not fully enforced."
stop_conditions.8,"""Planner depth structural audit fails a preregistered class.""",FAIL,"Some checks implemented; missing-event, lineage, scenario drift and paired-key conditions not fully enforced."
